{"cameraMode":{"drawMode":0,"name":"Shaded","section":"Shading Mode"},"sceneLighting":false,"audioPlay":false,"sceneViewState":{"m_AlwaysRefresh":false,"showFog":true,"showSkybox":false,"showFlares":true,"showImageEffects":true,"showParticleSystems":true,"showVisualEffectGraphs":true,"m_FxEnabled":true},"in2DMode":false,"pivot":{"x":-1.2386322021484376,"y":10.209571838378907,"z":37.244667053222659},"rotation":{"x":0.12145013362169266,"y":-0.6914710402488709,"z":0.1152012050151825,"w":0.7041561007499695},"size":39.292945861816409,"orthographic":false}