{"cameraMode":{"drawMode":0,"name":"Shaded","section":"Shading Mode"},"sceneLighting":false,"audioPlay":false,"sceneViewState":{"m_AlwaysRefresh":false,"showFog":true,"showSkybox":false,"showFlares":true,"showImageEffects":true,"showParticleSystems":true,"showVisualEffectGraphs":true,"m_FxEnabled":true},"in2DMode":false,"pivot":{"x":478.5101318359375,"y":2.138744831085205,"z":271.988525390625},"rotation":{"x":0.22503913938999177,"y":0.058418672531843188,"z":-0.013531538657844067,"w":0.9725121259689331},"size":13.456979751586914,"orthographic":false}