{"cameraMode":{"drawMode":0,"name":"Shaded","section":"Shading Mode"},"sceneLighting":false,"audioPlay":false,"sceneViewState":{"m_AlwaysRefresh":false,"showFog":true,"showSkybox":false,"showFlares":true,"showImageEffects":true,"showParticleSystems":true,"showVisualEffectGraphs":true,"m_FxEnabled":true},"in2DMode":false,"pivot":{"x":0.10700000822544098,"y":-2.869999885559082,"z":0.8799999952316284},"rotation":{"x":0.07772807776927948,"y":-0.6437216997146606,"z":0.061299387365579608,"w":0.7601383328437805},"size":0.5822790265083313,"orthographic":false}